,job_title,company_name
116,Business Analyst,293
450,Data Scientist,234
390,Data Engineer,226
338,Data Analyst,213
1027,Senior Data Scientist,110
0,"""Guide"" Telephone Representative (Remote)",52
1052,Siri - Senior Data Scientist (Machine Learning & Natural Language),48
223,Business Systems Analyst,40
1049,Senior Systems Engineer/Data Scientist,39
1134,Technical Business Analyst,29
662,Healthcare Data Analyst,25
1090,Sr. Data Scientist,25
1017,Senior Data Engineer,25
1086,Sr. Data Engineer,24
854,Principal Data Scientist,24
194,Business Development Analyst,24
948,SENIOR DATA ENGINEER,23
485,Data Scientist I,22
548,Data/Business Intelligence Engineer,22
892,Quality Control Data Reviewer (Research),22
294,Compensation and Data Analyst,22
1054,Software Business Analyst,22
1076,Sr Data Scientist,22
380,Data Architect,21
24,"Analyst, Business Solutions Group",21
789,Marketing Data Analyst II,21
438,Data Processing Engineer (Junior),21
758,Logistics Data Analyst I,21
751,Lead Data Engineer,21
8,Amazon Business / Inventory Analyst – Entry Level,21
666,Healthcare Data Scientist,21
1103,"Statistical Genetics, Data Scientist",21
607,Expert Data Analyst,21
577,ETL Data Engineer,20
278,Clinical Business Analyst – Laboratory Systems (Blood Bank Systems Analyst),20
226,Business Systems Analyst - Banking,20
215,Business Reporting Analyst - Healthcare,20
853,Principal Data Engineer (NYC),20
655,Health Care Data Analyst,20
717,Jr. Transportation Engineer,20
732,Junior Helpdesk Support Engineer,20
764,Machine Learning Data Scientist,20
945,SAP Data Analyst,20
20,Analyst – Strategy and Business Development – Tech Startup,20
957,SQL Server Data Engineer,20
961,STAFF DATA ARCHITECT ENGINEER,20
1055,Software Data Engineer,20
1083,Sr. Business Analyst-Logistics,20
1149,UX Data Scientist,20
136,Business Analyst - Telecom,20
870,Product Marketing Engineer,19
330,DATA Analyst/Report Writer,19
1066,Solutions Sales Specialist - Future Data Center,19
1169,nCino Business Systems Analyst,19
41,Applications & Business Analyst,18
228,Business Systems Analyst - Infrastructure,18
918,Research Analyst,18
1001,Senior Business Analyst,18
1031,Senior Data Scientist - Hux,17
197,Business Intelligence Analyst,16
526,Data Scientist/Data Science Instructor,16
893,Quality Data Analyst,14
1093,Sr.Data Analyst,14
891,QI Analyst,14
916,Reporting Analyst,14
886,QA Analyst,13
556,DevOps Engineer,13
967,Sales Engineer (SaaS/Martech),13
262,Cell Biology Research Scientist,12
987,Senior Analyst - Implementation,12
558,Digital Business Analyst,12
393,Data Engineer (Technology Startup),11
169,"Business Analyst, Retail Operations",11
321,Customer Service Analyst,11
839,Plant Engineer,10
989,"Senior Analyst, Business Operations",10
578,ETL Data Warehouse Automation Engineer,10
297,Computational - Imaging Scientist,10
64,Associate Data Scientist,10
1044,Senior Media Analyst,10
726,Junior Data Scientist,9
1013,Senior Data Analyst,9
160,"Business Analyst, Finance",9
580,Electrical Designer (Data Center Design/Construction),9
944,Royalty Analyst,9
317,Customer Data Analyst,9
724,Junior Data Analyst,8
79,"Associate, Data Engineer",8
103,"Big Data Engineer, Senior",8
10,Analyst,8
897,Quantitative Analyst,7
808,Mortgage Analyst,7
397,Data Engineer - Hux,7
357,Data Analyst II,7
148,Business Analyst II,7
925,"Research Analyst, People Analytics Research",7
673,IT Business Analyst,7
5,Administrative Analyst,7
752,Lead Data Scientist,7
936,Resident Engineer,6
102,Big Data Engineer,6
89,BUSINESS ANALYST,6
82,Associate/Analyst,6
146,Business Analyst I,5
762,Machine Learning / Statistician / Data Analyst,5
376,Data Analytics Engineer,5
898,Quantitative Data Analyst,5
821,Operations Associate,5
507,"Data Scientist, Grain Quality",5
714,Jr. Data Scientist,5
784,Marketing Analyst,5
765,Machine Learning Engineer,5
291,Commercial Bank-Business Analysis & Reporting Analyst – Associate,4
220,Business System Analyst,4
487,Data Scientist II,4
869,Product Data Scientist,4
770,Machine Learning Scientist,4
183,Business Analyst/Project Manager,4
1081,Sr. Business Analyst,4
576,ESG Data Analyst,4
679,IT Business Systems Analyst,4
436,Data Platform Engineer,4
924,"Research Analyst, People Analytics",4
1085,Sr. Data Analyst,4
455,Data Scientist (Platform),4
974,Salesforce Business Analyst,4
1100,Statistical Analyst,4
928,Research Data Analyst,4
447,Data Science Engineer,4
769,Machine Learning Researcher,4
788,Marketing Data Analyst,4
623,Financial Quantitative Analyst,4
529,Data Scientist/Machine Learning Engineer,4
535,Data Support Analyst - Entry-Level - Technology Startup,4
319,Customer Facing Data Scientist - Telecom,4
619,Financial Analyst,4
766,Machine Learning Engineer / Data Scientist - Penguin Random House,4
65,Associate Data Scientist - NYC Headquarters,4
720,Junior Business Analyst,4
511,"Data Scientist, Machine Learning",4
712,"Jr. Data Engineer, 40hpw, BWH Cardiovascular Innovation",4
391,"Data Engineer (Data Streaming techniques, spark, etc.)",4
1148,UI/UX Business Analyst,4
14,Analyst Business Development,4
185,Business Analyst/QA- Entry Level/Jr.,3
331,DATA ENGINEER,3
536,Data Systems Business Analyst II,3
973,Salesforce Admin./Business Analyst,3
970,"Sales Engineering Pre & Post – Big Data, Ai, ML, OpenSource - NORAM",3
192,Business Data Analyst,3
378,Data Analytics Specialist,3
591,"Enterprise Data Scientist Analyst, Data Scientist or Data Scientist Senior-PS22152",3
785,"Marketing Analyst, Business Analytics",3
1061,"Software Engineer, Data Storage",3
196,Business Insights Analyst,3
30,"Analyst, Data and Analysis",3
537,Data Systems Engineer,3
373,Data Analyst/Business Analyst,3
259,Capital Markets - Business Analyst 1,3
327,DATA ANALYST,3
941,Revenue Data Analyst,3
57,Associate Business Analyst,3
58,Associate Consultant in Business Analytics,3
429,Data Management Business Analyst,3
544,Data Warehouse Engineer,3
212,Business Process Analyst,3
432,Data Modeler - Associate,3
550,Database Administrator,3
209,Business Operations/Technical Analyst,3
62,Associate Data Engineer,3
206,Business Operations Analyst,3
652,HR Business Process Analyst,3
269,Child Welfare Data Analyst - Department of Research and Planning,3
540,"Data Visualization Designer - Cambridge, MA",3
661,Healthcare Business Analyst - HealthRules,3
200,Business Intelligence Data Analyst I,3
413,"Data Engineer, Python",3
236,Business and Integration Analyst,3
1009,Senior Business Services Analyst,3
310,Cooperative Business Analyst,3
475,Data Scientist - Summer Intern - University Students,3
151,Business Analyst Intern,3
477,Data Scientist - University Students,3
302,Computer Scientist,3
569,"Director, Data Engineering",3
499,Data Scientist – Personalization,3
568,"Director, Data Engineer",3
902,Quantitative Research Analyst,3
701,Investor Reporting Analyst,3
38,Analytics Intern,3
350,Data Analyst - Programmer,3
140,Business Analyst 2,3
1065,Solutions Engineer,3
126,Business Analyst - Chicago COE,3
127,Business Analyst - Entry Level- College Graduates Welcome- at Net at Work,3
907,Quantitative/Data Analyst Intern,3
494,Data Scientist US (m/f),3
353,Data Analyst / Data Scientist,3
119,Business Analyst (Digital Health),3
503,"Data Scientist, Analytics",3
109,Bioinformatics Data Scientist,3
29,"Analyst, Data Mgmt/Quant Analysis",3
725,Junior Data Engineer (Contract),3
171,"Business Analyst, Sr Associate",3
1069,Sr Business Analyst,3
15,Analyst Clinical Data,3
354,Data Analyst 2,3
510,"Data Scientist, Insights & Analytics",3
163,"Business Analyst, Market Performance and Strategy",3
636,GEOLOGIST/ENGINEER – ENTRY LEVEL,3
410,"Data Engineer, Hadoop Developer",3
468,Data Scientist - Manufacturing,3
486,Data Scientist I - 2117.051019,3
958,SR Data Scientist,2
844,Power BI Visualization and Analytics Analyst,2
389,Data Distribution Software Engineer,2
381,Data BI Analyst,2
382,Data Backup Administrator,2
42,"Applied Data Engineer, ETL",2
386,Data Center Support Engineer,2
982,Sector Data Analyst - Industrials,2
375,Data Analytics Analyst 2,2
347,Data Analyst - Intern: Sales and Marketing,2
328,DATA ANALYST (Grant Funded),2
999,"Senior Associate, Digital Intelligence – Senior Machine Learning Engineer",2
830,PROJECT MGR/BUSINESS ANALYST,2
997,"Senior Applied Data Scientist, Commercial",2
995,"Senior Analyst, Data and Analysis",2
624,Financial Systems Business Analyst,2
622,Financial Data Analyst,2
343,"Data Analyst - Boston, MA",2
344,Data Analyst - Business Intelligence,2
345,Data Analyst - Community Engagement,2
985,Senior Analyst - Business Operations,2
374,Data Analyst/SSRS Report Developer,2
836,People Analytics Data Analyst,2
981,"Scientist- Product Development (Gum & Mints)- Chicago, IL",2
837,PeopleSoft Business Analyst,2
614,Field Engineer,2
361,Data Analyst US,2
362,Data Analyst at Sterling Planning Alliance,2
611,FINANCE BUSINESS INTELLIGENCE ANALYST,2
370,"Data Analyst, Payer Data Services",2
36,Analytics Engineer,2
968,"Sales Engineer, Data Management, Google Cloud",2
597,Entry Level Data Center Analyst,2
585,Engineering Co-Op,2
398,Data Engineer - Mid Career,2
564,Digital Senior Business Analyst I,2
874,Professional Services Business Analyst,2
501,"Data Scientist, Advanced Analytics Business Banking Analytics",2
498,Data Scientist – NY/NJ,2
496,Data Scientist – Data Connector,2
495,Data Scientist – Applied Research,2
904,Quantitative Researcher,2
491,Data Scientist SQL,2
39,Application Support & Data Integrity Analyst,2
505,"Data Scientist, Content Promotion",2
567,Director of Data Science & Analytics,2
482,Data Scientist 1 - US,2
481,Data Scientist / Quantitative Researcher – High Frequency Futures,2
910,RESEARCH ANALYST/ Technical,2
570,"Director, Data Science",2
571,Director/VP of Data Engineering and Analytics,2
469,Data Scientist - NLP (Entry to Mid-Level roles),2
504,"Data Scientist, Applied Machine Learning",2
560,Digital Business Intelligence Analyst,2
745,LUHS_DATA ANALYST HEALTH INFO_3792,2
887,QA Analyst/ Manual Tester- Entry Level,2
549,Data/Commission Analyst,2
542,Data Warehouse Analyst,2
541,Data Visualization Engineer,2
879,Project Administrator/Data Analyst,2
552,Database Engineer,2
534,Data Support Analyst,2
533,Data Strategy and Reporting Analyst,2
528,Data Scientist/Engineer,2
512,"Data Scientist, Marketing Analytics",2
555,Desktop Architect/Engineer,2
522,"Data Scientist, TMBO",2
521,"Data Scientist, Summer Intern",2
520,"Data Scientist, Studios Analytics",2
517,"Data Scientist, Redtech",2
516,"Data Scientist, Product Analytics",2
896,Quant Analyst,2
575,ERP Business Systems Analyst,2
463,Data Scientist - Forecasting & Optimization,2
462,"Data Scientist - ENTERPRISE DATA ANALYTICS, Full-time",2
951,SQL Business Analyst,2
940,Revenue & Data Analyst,2
422,Data Governance Business Analyst/Developer,2
420,Data Entry Specialist,2
947,SENIOR BUSINESS ANALYST,2
416,Data Engineering,2
412,"Data Engineer, Measurement Program, YouTube",2
411,"Data Engineer, Health",2
26,"Analyst, Data",2
460,Data Scientist - Artificial Intelligence,2
406,Data Engineer – Royalties,2
405,Data Engineer – Growth,2
404,Data Engineer – Core Datasets,2
403,Data Engineer II,2
402,Data Engineer I,2
401,Data Engineer - University Students,2
954,SQL Engineer,2
428,Data Management Analyst,2
430,Data Manager and Analyst,2
433,Data Modelling Analyst 1,2
434,Data Operations Analyst,2
457,Data Scientist (Python/R) – People Analytics – USDC,2
456,"Data Scientist (Pricing & Experimentation), Finance Research",2
453,"Data Scientist (C13/VP) New York, NY",2
864,Product Analyst,2
863,Procurement Reporting and Data Analyst,2
931,Research Intern,2
583,Engineer - Data,2
444,Data Science - Associate,2
325,Customer Success Manager - Business Analytics,2
934,Research/Data Analyst,2
935,Researcher/Data Analyst (Freelance),2
441,Data Quality Engineer,2
439,Data Quality Analyst,2
1,2019 University Graduate - Data Scientist - Uber Eats (New York),2
861,Process & Data Analyst,2
326,Cúram Business Analyst – Chicago,2
300,Computational Scientist,2
324,"Customer Solutions Engineer, gTech",2
181,Business Analyst/ETL,2
1099,Stationary Engineer,2
175,Business Analyst- Intern,2
174,Business Analyst- Entry Level,2
173,Business Analyst- Consulting at McCann Health,2
172,"Business Analyst, Technology Innovation & Solutions, Business Analysis & Design",2
782,Market Data Business Analyst,2
1102,Statistical Data Lead,2
165,"Business Analyst, Marketing",2
164,"Business Analyst, Market Performance and Strategy, Analytics",2
1106,Statistician/Data Scientist,2
157,"Business Analyst, Deliverability (Internal)",2
156,"Business Analyst, B2B Sales Strategy",2
155,Business Analyst whit Banking domain and mobile application,2
776,"Manager, Data Analyst (Association Office YMCA)",2
1112,"Strategy and Business Management Analyst/Associate, Aladdin Wealth Tech",2
1113,Stroke Data Analyst,2
147,Business Analyst I - 20 hours,2
690,Institutional Data Analyst,2
187,Business Analytics Spec,2
700,International Data Scientist,2
1089,Sr. Data Quality Engineer,2
796,"Media Analyst, Advanced Analytics and Insights",2
671,Human Resources Data Analyst,2
1072,Sr Business Planning Analyst,2
1075,"Sr Data Engineer, Zoro",2
218,Business Strategy and Analytics Internship,2
217,Business Strategy Analyst,2
677,IT Business Solutions Analyst Level 3 or Level 4,2
211,Business Planning Analyst I,2
210,"Business Planning & Operations Analyst, Cross-Functional Operations",2
790,Marketing Data Operations Analyst,2
204,Business Licensing Analyst,2
1000,Senior Big Data Engineer,2
681,IT Engineer I,2
199,Business Intelligence Consultant,2
198,Business Intelligence Analyst (Healthcare),2
682,IT Project Analyst,2
1087,"Sr. Data Engineer, Analytics Center of Excellence",2
1114,Summer 2019 Internship - Data Analyst,2
1117,Supply Chain - Bill of Material Analyst,2
668,Healthcare Financial Data Analyst,2
97,"Backend Engineer, Data Solutions - UberEats",2
91,"BUSINESS ANALYST,Research Operations, Systems & Analytics",2
733,Junior IT Engineer - Boston,2
84,Atmospheric Data Scientist - Statistical Forecasting Specialization,2
83,Asst Computer Scientist - Data Science Systems,2
1155,Virtual Engagement Associate – Data Analyst,2
80,"Associate, Data Science",2
75,Associate Service Desk Engineer,2
1160,Wholesale Business Analyst - Amazon,2
72,Associate Product Manager / Business Analyst,2
1162,Work Mgt Material Analyst,2
69,Associate Engineer,2
739,Junior Quantitative Risk Analyst,2
67,Associate Data Solutions Analyst,2
740,Junior Research Analyst,2
63,Associate Data Science Engineer,2
743,Junior Trading Analyst,2
1168,jr-mid level Business Analyst/Data Analyst,2
728,Junior Data Scientist/Quant Developer,2
722,Junior Business and Data Analyst,2
141,"Business Analyst 2, SDG CSDG",2
1137,"Technical Curriculum Developer, Data Engineering, Google Cloud",2
772,Machine Learning/Deep Learning Internship (summer 2019),2
137,"Business Analyst -- Tableau, SQL",2
135,Business Analyst - Strategy & Planning,2
132,Business Analyst - Process Improvement,2
1123,System/Data Security Analyst,2
768,Machine Learning Engineer: Broad Data Sciences Platform,2
1125,Systems Business Analyst,2
128,Business Analyst - Entry-Level - Tech Startup,2
708,Jr. Bioinformatics Scientist,2
124,Business Analyst - (Business Process Automation),2
710,Jr. Clinical Trials Data Specialist,2
121,Business Analyst (Integrations),2
117,Business Analyst & Consultant,2
115,Business Analysis Associate,2
1132,Taxpayer Business Analyst for Data Analytics & Program Evaluation,2
111,Biostatistician,2
716,Jr. Process Engineer,2
227,Business Systems Analyst - IT,2
203,Business Intelligence and Data Science Engineer,2
233,Business Systems Analyst – Intermediate (Clinical Systems Analyst),2
659,Health Data Analyst III,2
1048,"Senior Specialist, Data Science",2
258,Campus Data Scientist - Experiences & Rentals,2
1045,Senior NLP Data Scientist,2
1043,"Senior Manager, Data Engineering",2
1036,"Senior Data Scientist, Applied Machine Learning",2
1035,Senior Data Scientist – Experimentation,2
276,Client Engagement Data Analyst,2
279,Clinical Data Analyst,2
647,Global Markets Operational/Business Analyst - Officer,2
813,Natural Language Processing Data Scientist,2
282,Clinical Data Scientist / 40 Hours / Day / BWH APSI,2
1026,Senior Data Quality Analyst,2
286,"Clinical Specialist, CRM",2
288,Cloud Data Engineer,2
289,Cloud Data Platform Engineer,2
293,Commercial IT Business Analyst,2
818,OMB BUSINESS ANALYST,2
1019,Senior Data Engineer – Creator,2
1018,Senior Data Engineer - New York City,2
1016,"Senior Data Analyst, Brigham Analytics / 40 hours / Day / BWH APSI",2
822,Operations Business Analyst,2
635,GBAM Business Support Analyst,2
823,Operations data analyst,2
1008,Senior Business Data Analyst,2
632,"Full Time opportunities for students & recent graduates: Microsoft AI Development Acceleration Program: Data Scientist, Software Engineer, Program Manager",2
825,Orthopaedics Data Analyst II,2
829,PORTFOLIO RESEARCH ANALYST,2
1051,"Siri - Machine Learning Engineer (Cambridge, MA)",2
1034,Senior Data Scientist Machine Learning,2
546,Data Warehouse Test Engineer,2
240,CHB Business Analyst,2
1063,Software QA Engineer 1,2
801,Medical Data Analyst,2
1056,Software Developer and Data Engineer I,2
33,"Analyst, Pricing & Data Analytics",2
1058,Software Engineer - Data Pipelines,2
245,CIB data+design - Data Scientist - Associate,2
242,CHICAGO Campus Recruiting 2018 - I&D - Data Analyst,2
663,Healthcare Data Analyst -Quality & Pt Safety,2
798,Media Research Analyst,2
251,CMC Data Analyst,2
820,Operations Analyst - Cryptoassets Trading,1
834,Patient Services Representative,1
875,Program Analyst I,1
759,Loyalty Operations Analyst,1
819,Operations Analyst,1
761,MPI Data Integrity Analyst,1
760,ML Data Engineer,1
757,LinuxAdministrator/Programmer,1
794,Master Data Management Engineer,1
763,Machine Learning CCDS Intern,1
835,Payroll Analyst,1
799,Media and Data Analyst,1
28,"Analyst, Data Management and Analytics - BAI Research",1
817,Nift Data Analyst,1
816,New York - Business Analyst,1
858,Principal Data Scientist(Enterprise Data Science)-PS17103,1
859,"Principal Data Scientist, Deep Learning/NLP-PS22319",1
873,Productivity Analyst,1
815,Network Automation and Tooling Engineer,1
857,Principal Data Scientist - QuantumBlack,1
754,Lead software engineer in cloud-based data management and processing,1
876,Program Data Analyst,1
749,"Lead Analyst, Global Business Change- Business Analyst, Client Implementation",1
828,POLICY ANALYST,1
747,Language Engineer,1
748,Laser Communications Systems Data Analyst*,1
827,PMC Planning Coordinator,1
826,Outside Plant Engineer,1
852,Principal Data Engineer,1
831,"Packaging Engineer, Innovation",1
25,"Analyst, Customer Loyalty & Insights",1
855,"Principal Data Scientist (Exelon Utilities) - Oakbrook, IL",1
824,"Optimization Data Scientist Analyst, Data Scientist or Data Scientist Senior-PS22152",1
756,Life Science Application Engineer,1
878,Programmer/Data Scientist,1
750,Lead Business Analyst,1
832,Part Time - Temp Global Strategy & Business Development Analyst,1
753,"Lead Engineer, Database Administration",1
833,Part-time Data Science Instructor,1
877,Programmatic Data & Analytics Analyst,1
856,"Principal Data Scientist - Chicago, IL",1
795,Mechanical Engineer - Hazardous Locations,1
755,Life Fitness - Sr. Business Systems Analyst (Manufacturing),1
767,Machine Learning Engineer – NLP,1
850,Principal Business Analyst,1
793,Master Data Business Analyst,1
777,"Manager, Data Analytics",1
778,"Manager, Data Science",1
866,Product Analytics Engineer,1
779,Manufacturing Engineer,1
843,Policy Analyst- Data,1
780,Manufacturing Engineer - Supply Chain,1
781,Market Data Analyst,1
805,Mfg. Supply Chain Material Analyst,1
851,Principal Business Systems Analyst,1
804,Medical Physics Engineer,1
845,Premier Data Analyst,1
865,Product Analyst - New Product,1
846,Pricing & Business Analyst,1
847,Pricing & Promotions Data Scientist,1
802,Medical Device Research Engineer,1
848,Pricing Analyst,1
783,Market Intelligence and Business Analyst,1
849,"Principal Analyst/Assistant Director, Data Science",1
786,"Marketing Analyst, Business Intelligence",1
803,Medical Economics Data Analyst,1
862,Process Scientist / Engineer I,1
787,Marketing Business Analyst,1
867,Product Business Analyst,1
806,Microsoft Excel Analyst,1
814,NetSuite Business Analyst,1
807,"Mid-level Workflow Business analyst, full time",1
27,"Analyst, Data Analytics",1
872,Product Specialist/Business Analyst,1
792,Master Data Analyst,1
800,Medicaid Management Intern,1
791,Marketing Data and Business Analyst,1
871,Product Mgmt Business Analyst,1
860,Principal Data Warehouse Engineer,1
771,"Machine Learning, Data Science Internship",1
840,Platform Analyst,1
812,National Federal Tax - Business Analyst,1
23,"Analyst, Business Process Management",1
773,Mainframe Natural Engineer (Associate),1
841,"Platforms Customer Solutions Engineer, gTech",1
842,Policy Analyst,1
811,NLP Engineer,1
797,Media Data Analyst,1
774,Management Analyst,1
775,Manager - Data Engineering,1
810,Muni Credit - Jr. Research Analyst,1
809,"Mortgage Markets Associate (Chicago) - Market Operations, Monitoring and Analysis - Markets Group",1
868,Product Data Analyst,1
838,Pharmacy Research Associate,1
955,"SQL Engineer, Parts Team",1
880,Project Assistant,1
1073,"Sr Consultant, Data Base Admin",1
9,Ambulatory Business Analyst,1
1077,Sr Solutions Engineer - Solutions Engineering,1
1078,Sr. Analyst Strategy & Planning,1
1079,"Sr. Associate, Data & Analytics Modeler, Machine Learning",1
1080,"Sr. Associate, Data Scientist, Machine Learning",1
1082,Sr. Business Analyst - Office of the CEO,1
7,Agile Product Manager Business Analyst,1
1084,Sr. Business Operations Analyst,1
6,Administrative Assistant,1
1088,"Sr. Data Engineer, Customer Care",1
1091,"Sr. IT Business Analyst, Insurance",1
1092,Sr. Systems Analyst Programmer - Data Management and Analysis,1
1094,Stability Coordination Scientist,1
1095,Staff Data Engineer,1
1096,Staff Engineer,1
1097,Staff Scientist,1
1098,Staff Scientist I,1
1101,Statistical Arbitrage Trader,1
4,Account Coordinator - Data Analytics,1
1104,Statistical Intern,1
1105,Statistical Programmer,1
1074,Sr Data Engineer,1
1071,Sr Business Develop Analyst,1
1030,Senior Data Scientist - Decision Sciences Personal Valuation Team,1
1070,Sr Business Analyst Dig Pt Ex,1
1033,Senior Data Scientist / Pre-Sales Support,1
1037,"Senior Data Scientist, Flights, Cruise & Car",1
1038,"Senior Data Scientist, Member Experience",1
1039,"Senior Data Scientist, User Fraud",1
1040,Senior De-Identification Data Scientist,1
1041,"Senior Engineer, Data Engineering",1
1042,Senior Information Security Data Engineer,1
1046,Senior Project Engineer,1
1047,"Senior Specialist, Data Engineer",1
1050,"Services, Business Finance Spend Management, Senior Analyst/Associate",1
13,Analyst - IT,1
1053,Software / Data Analyst,1
12,Analyst - Employee Insights,1
11,Analyst - Data Entry,1
1057,Software Development Engineer - Amazon Robotics - Data Visualization Team,1
1059,Software Engineer -Data,1
1060,Software Engineer in TEST,1
1062,"Software Engineering Intern, BS, Fall 2019",1
1064,Solutions Data Engineer,1
1067,Space Planning Associate,1
1068,Sr Analytics Consultant: Python / R and/or Machine Learning (56921BR),1
1107,Strategic Analyst - Routing,1
1108,"Strategic Executive, State and Local Government",1
1109,Strategy & Analytics – Business Strategy - Manager,1
1110,Strategy & Analytics – Business Strategy - Senior Consultant,1
1143,Tracking and Monitoring Data Analyst,1
1144,Traded Risk Control Business Analyst,1
1145,Translational Data Scientist,1
1146,Treasury Project Business Analyst,1
1147,U.S. Commercial Associate Data Scientist (USBU),1
2,AI Engineering - Data Engineer Role - Associate,1
1150,Uber Freight Credit & Collections Analyst,1
1151,University Programs: Program Planner I,1
1152,VP of Engineering – Machine Learning,1
1153,"VP, Data Science",1
1154,Venture Capital Analyst - Data Scientist,1
1156,VisionPLUS Cards Business Analyst,1
1157,"Wealth Management, Digital Operations Product Analyst, Associate",1
1158,Web Engineer – Data Infrastructure,1
1159,Wetland Scientist,1
1161,Wireless/Telecom Engineer - Paid Summer Internship,1
1163,Workforce Data Science Business Analyst,1
1164,data analyst,1
1165,eCommerce Data Engineer,1
1166,eDiscovery DR & Backup Engineer,1
1167,iOS Engineer,1
1142,Title: Jr. Validation Engineer/QA Analyst/ Jr. QA Tester/Business Analyst/BA,1
1141,Third Party Engagement Analyst,1
1140,Temporary- Business Analyst,1
1126,Systems Engineer,1
1111,Strategy Analyst Risk Assessment,1
1115,Summer Intern,1
1116,Summer Intern-Market Data Analyst,1
1118,Supply Chain - Business Analyst,1
1119,Supply Chain Business Systems Analyst,1
1120,Support Engineer,1
1121,Support Representative,1
1122,System Operations Engineer - Junior and Mid-level,1
1124,Systems Analyst II - Path to Green Unstructured Data,1
1127,Systems Engineer - Data Platform,1
1139,"Temp - Engineer, Post - Production",1
1128,TV Data Analyst,1
1129,TV Data Scientist,1
1130,Tableau Data Analyst & Visualization Consultant,1
1131,Talent Acquisition Data Analyst,1
1133,Technical Analyst - Entry Level,1
3,AI Engineering – Machine Learning Engineer – VP,1
1135,Technical Business Analyst - AML BSA,1
1136,Technical Business Analyst- School of Med,1
1138,Technical Data Engineer Lead,1
1032,Senior Data Scientist / Machine Learning,1
1029,Senior Data Scientist - Credit Modeler,1
881,"Project Controls Group Lead, Google Data Centers",1
917,Reporting Analyst I,1
920,Research Analyst 1,1
921,Research Analyst I,1
922,Research Analyst II,1
923,"Research Analyst, Emerging Markets Corporates",1
926,"Research Analyst, Strategy",1
927,Research Assistant for Healthcare Policy,1
929,Research Data Clerk,1
930,Research Engineer - Energy Resources Center,1
932,Research Platform Engineer,1
933,"Research Scientist, Machine Learning",1
937,"Retail Services Planning & Analysis Analytics and Reporting Analyst - Elk Grove Village, IL",1
938,Retirement/Insurance Business Analyst,1
939,Rev Cycle Business Analyst,1
942,Revenue Operations Analyst,1
943,Risk & Insurance Programs Business Analyst,1
21,"Analyst, B2B Sales Insights Analytics",1
946,SAP S4 HANA Data Analyst,1
19,Analyst Sales Strategy & Planning,1
949,SIS Business Analyst,1
950,"SQL Analyst, Consumer Panel Data",1
952,"SQL Data Analyst, Medical Terminology",1
919,Research Analyst (New York or San Francisco Office),1
915,Reporting & Data Analyst,1
1028,"Senior Data Scientist - Cambridge, MA",1
914,Relativity Specialist - Trace,1
882,Project Manager - Business Analyst,1
883,Project Manager - Data Management,1
884,Property Associate,1
885,Provider Data Analyst,1
888,QA Automation Engineer,1
889,QA Engineer,1
890,QA Tester,1
22,"Analyst, Business Performance and Analytics",1
894,Quality Engineer,1
895,Quality Improvement Data Analyst,1
899,"Quantitative Development Internship, Summer 2020",1
900,Quantitative Finance Analyst,1
901,Quantitative Marketing Analyst,1
903,Quantitative Research and Portfolio Analyst,1
905,Quantitative Researcher / Quantitative Research Analyst,1
906,Quantitative Trading Analyst,1
908,R&D Engineer,1
909,RE Controls & Operations Business Analyst,1
911,RMBS Data Scientist,1
912,Regulatory Business Analyst,1
913,Reimbursement Cycle Data Analyst,1
953,SQL Data Engineer,1
956,SQL Production Engineer,1
18,Analyst II Business Analytics,1
959,SR. Data Center Architect,1
994,"Senior Analyst, Data Science and Analytics",1
996,"Senior Analyst, Enterprise Data Services",1
998,"Senior Associate, Data & Analytics",1
1002,Senior Business Analyst (for Enterprise Reporting Systems),1
1003,Senior Business Analyst - Contract,1
1004,Senior Business Analyst - Trade Capture/Trade Surveillance,1
1005,Senior Business Analyst Contractor,1
1006,"Senior Business Analyst, Ceded Reinsurance",1
1007,"Senior Business Analyst, Performance & Decision Support",1
1010,Senior Business Strategy Analyst,1
1011,Senior Clinical Data Analyst,1
1012,Senior Commissioning Engineer,1
1014,Senior Data Analyst (JO# 391014),1
1015,"Senior Data Analyst - Flexible Schedule, 30-40 hours/week",1
16,Analyst Club Business Development,1
1020,Senior Data Engineer – Personalization,1
1021,"Senior Data Engineer, Engineering Productivity",1
1022,"Senior Data Engineer, Ingestion",1
1023,"Senior Data Engineer, Operations",1
1024,Senior Data Operations Engineer,1
1025,Senior Data Platform Engineer,1
993,"Senior Analyst, Data Management",1
992,"Senior Analyst, Data Analytics",1
991,"Senior Analyst, Data & Insights",1
972,Sales Reporting Analyst,1
960,SR. PROJECT LEADER/SR. BUSINESS ANALYST,1
17,Analyst I(Financial Reporting/Data Management),1
962,"STATISTICAL DATA ANALYST, School of Public Health, Biostatistics and Epidemiology Data Analytics Center",1
963,"SVP, Chief Data Scientist",1
964,Sales Business Analyst,1
965,Sales Business Analyst Associate,1
966,Sales Data Analyst,1
969,"Sales Engineer, Google Cloud",1
971,Sales Operations Business Analyst,1
975,Scheduling Engineer-AECOM Hunt,1
990,"Senior Analyst, Data & Analysis",1
976,Scientific Associate or Engineer - Data Acquisition Systems (Entry Level),1
977,Scientific Writers (For Advanced Degrees) - Entry & Mid-Level - Payer Marketing/Market Access Agency,1
978,Scientist 1 - Machine Learning,1
979,"Scientist I, Infectious Disease Modeling",1
980,"Scientist, Delivery",1
983,Security Business Analyst,1
984,Senior AML Data Scientist,1
986,Senior Analyst - Data Science,1
988,Senior Analyst Business Systems,1
746,Lab Research Tech 3 - Rush Neurological Sciences,1
54,Associate,1
744,LEAD DATA ENGINEER Learn More,1
271,Cisco Data/Voice Engineer,1
273,"Civil Engineering and Construction Design Senior Engineers (Nanjing, China)",1
274,Clerical Associate (Part-Time),1
275,Client Business Analyst,1
277,Client Reporting Business Analyst,1
47,Artificial Intelligence - Machine Learning Specialist,1
280,Clinical Data Analyst (3114),1
281,"Clinical Data Engineer, Systems Admin",1
283,Clinical Data Standards Analyst,1
284,"Clinical Operations & Business Analytics (COBA) Senior Data Analyst, Patient Reported Data Program",1
285,"Clinical Research Business Analyst, Research Informatics",1
287,Closing Desk Analyst,1
290,Commercial Bank - Wholesale Lending Services - Business Analysis and Reporting Analyst,1
292,Commercial Data Analyst,1
46,Arity-Data Scientist-Claims Analytics,1
295,Competitor Intelligence Analyst,1
296,Compliance and Reporting Data Analyst,1
298,Computational Biologist/Data Scientist,1
299,"Computational Chemist, Machine Learning",1
301,Computational Scientist I - Translational Analysis Group,1
303,"Consultancy: Demographer – demographic analysis, Data and Analytics Section, DRP - NYHQ, Requisition #522944",1
304,Consultant - Analytics,1
305,Consumer Insights Analyst,1
306,Content Analyst,1
272,"City Engagement Intern, American Cities Climate Challenge",1
270,Children and Family Benefits Unit Data Analyst - Grant Funded,1
742,Junior Software Engineer,1
268,Chief Performance Analyst,1
238,C++ Software Engineer Working With Capital Markets Data,1
239,CDO Reporting Analyst,1
241,CHICAGO Campus Recruiting 2017 - BTS MICROSOFT - Business Analyst,1
243,CIB - Data Analyst - Associate,1
244,CIB - Data Scientist - VP,1
246,CIMD - GSAM US Business Analyst – Associate – Chicago,1
247,"CIMD - Marcus by Goldman Sachs - Decision and Data Scientist - Analyst/Associate - New York, NY",1
248,"CIMD - Marcus by Goldman Sachs - Decision and Data Scientist - Vice President - New York, NY",1
249,CIMD - Marcus by Goldman Sachs- Business Process Management – Analyst - Chicago,1
250,CLINICAL DATA ANALYST,1
252,COMMBUYS Support Analyst,1
253,CRM Business Systems Analyst,1
254,CRS Data Analyst,1
255,CTB Business Analyst - Transaction Reporting: CAT,1
256,CUSTOMER DATA ANALYST 1,1
257,CUSTOMER DATABASE BUSINESS ANALYST,1
260,Carrier Graduate Hire Program- Data Based Modeling Engineer,1
261,Category Analyst,1
263,Change Management Senior Business Analyst,1
264,Charles River - Business Analyst,1
265,Chicago - Commerce Business Analyst,1
266,Chicago - Sr. Business Analyst,1
267,Chief Data Analytics Officer,1
307,Content Data Analyst,1
308,Content Writer – Data & Research,1
309,Control & Reporting Analyst,1
311,Core Business Data Analyst,1
352,Data Analyst - Third Party Program Management,1
355,Data Analyst I,1
356,Data Analyst I - Contract,1
358,Data Analyst II (Business Intelligence),1
359,Data Analyst Intern,1
360,Data Analyst Intern (Fall 2019),1
363,Data Analyst intern,1
364,Data Analyst – Capital Markets,1
365,"Data Analyst, DECE",1
366,"Data Analyst, Global Analytics",1
367,"Data Analyst, Global Analytics, Analytics",1
368,"Data Analyst, HBS Online",1
369,"Data Analyst, Nonfiction",1
371,Data Analyst-NCH,1
372,Data Analyst/Applied Mathematics,1
377,"Data Analytics Engineer, Experimentation",1
379,Data Analytics/BI Specialist,1
43,Apprentice Business Analyst,1
383,Data Center Engineer - Chicago,1
384,Data Center Engineer - UC Network Engineer,1
385,"Data Center Engineer, Junior",1
387,Data Center Technician,1
388,Data Delivery Engineer,1
351,Data Analyst - QA/QC Technologist,1
349,Data Analyst - People Analytics Group,1
348,Data Analyst - New York City,1
45,Arity- Sr Data Scientist,1
312,Corp Financial Analyst,1
313,Corporate Financial Planning & Analysis Project Management Office & Business Analyst,1
314,Cost Reporting Analyst,1
315,Counterintelligence Officer,1
316,Custom Data Analytics Consultant,1
318,Customer Facing Data Scientist,1
320,Customer Management Analyst,1
322,Customer Service Specialist,1
323,Customer Solutions Engineer,1
329,DATA ANALYST- Computational Biology,1
332,DATA ENGINEER - INVESTMENT MANAGEMENT,1
346,Data Analyst - Delta One Strat team,1
333,"DATA SCIENTIST,Biology",1
334,Data & Analytics Sr Analyst,1
335,Data & Financial Analyst,1
336,Data & Insights Analyst,1
337,Data Acquisition Analyst,1
44,Apprentice Engineer,1
339,"Data Analyst & Business Consultant (Armonk, NY or Kansas City, MO)",1
340,Data Analyst (Contractor),1
341,Data Analyst (healthcare),1
342,Data Analyst - Big Data,1
237,Business Analysts,1
235,Business Technical Analyst,1
234,Business Systems Analyst- QMS/LMS,1
139,Business Analyst / Product Owner - CHI,1
100,Bank Operational Data Analyst & Scientist,1
101,Benefits Analyst/FMLA Generalist,1
104,Big Data Linux Engineer,1
105,"Big Data Operations Engineer - Hadoop, Data Operations",1
106,Big Data-Cloud Engineer /Architect (AWS and Python is must),1
107,Big Data/PySpark Engineer,1
108,Bioinformatician / Data Scientist,1
110,Bioinformatics Scientist,1
112,Broadcast Systems Engineer,1
113,Budget and Reporting Analyst,1
114,Business / Data Analyst,1
53,Assoc. Scientist Flavor-Mint Science,1
118,Business Analyst (4 Contract Positions),1
120,Business Analyst (Health Plan Implementations),1
122,Business Analyst (Salesforce),1
123,Business Analyst (full-time 2-5+ yrs exp.),1
125,Business Analyst - Chicago,1
129,Business Analyst - Finance Systems,1
130,Business Analyst - JDE,1
131,Business Analyst - Modeling/ROI,1
133,Business Analyst - Risk,1
134,Business Analyst - SQL,1
52,Assistant Project Manager - Data Center,1
99,Backend/Data Engineer II,1
98,Backend Product Engineer,1
96,Backend Engineer – Personalization,1
76,Associate Stock Strategist,1
56,"Associate Analyst, Data Operations-Sg2",1
59,Associate Consumer Fraud Analyst,1
60,Associate Data Analyst (Spring 2019 Graduates Only),1
61,Associate Data Center Engineer,1
66,Associate Data Scientist/ Data Scientist,1
68,"Associate Director, Experience Center Applied Data",1
70,Associate Information Security Data Engineer,1
71,"Associate Librarian, Data Management Services",1
73,Associate Research Scientist - Junior Data Engineer,1
74,Associate Scientist,1
77,"Associate, Business Analysis",1
95,"Back End Engineer, Data",1
78,"Associate, Business Analyst",1
81,"Associate, Data Scientist Natural Language Processing",1
85,Attendance and Truancy Data Analyst,1
86,Automation Project Manager / Business Analyst,1
87,BIOINFORMATICS ANALYST / 40 HRS / DAY / BWH GENETICS,1
88,BIOMEDICAL ENGINEERING TECH / 40 HRS / DAYS / BWH BIOMEDICAL ENGINEERING,1
90,BUSINESS ANALYST - CONSOLIDATED AUDIT TRAIL,1
92,BUSINESS DATA ANALYST,1
93,BUSINESS SYSTEMS ANALYST,1
94,BWWC Data Fellow 2019,1
138,Business Analyst / Intern,1
142,Business Analyst 3,1
232,Business Systems Analyst II,1
143,Business Analyst BI,1
191,"Business Associate Analyst - Chicago, IL",1
193,"Business Data and Reporting Analyst, Level 1 - Central Reservations",1
51,Assistant Director of Data Analytics,1
195,Business Initiatives Consultant 1 - Daily Operations Analyst,1
201,Business Intelligence Engineer,1
202,Business Intelligence Engineer III,1
205,Business Operations : Test Transactions System Analyst Intern (Summer 2019),1
207,"Business Operations Analyst, Associate",1
208,"Business Operations Analyst, Web Channel Sales",1
213,"Business Process Analyst, Google Cloud Support",1
214,"Business Process Analyst, Operations",1
50,Assistant Area Engineer,1
216,Business Services Analyst - Multifamily Capital Markets,1
219,Business Support Analyst / Associate TMT,1
221,Business System Analyst II,1
222,Business System Analysts,1
49,Assessment Design Specialist - Statistics / Data Analytics / Data Viz.,1
224,Business Systems Analyst (Contract),1
225,Business Systems Analyst (Web App Dev),1
48,Artificial Intelligence – Machine Learning Scientist,1
229,Business Systems Analyst - Workday,1
230,Business Systems Analyst 2,1
231,Business Systems Analyst I,1
190,Business Applications Support Analyst - Chicago/Milwaukee,1
189,Business Application and Integration Analyst,1
188,Business Analytics Summer 2019 Paid Intern,1
162,"Business Analyst, Management Consulting",1
144,Business Analyst Digital,1
145,Business Analyst HR local and us citizens only,1
149,Business Analyst III,1
150,Business Analyst IT Systems,1
152,Business Analyst Regulatory Reporting,1
153,Business Analyst Specialist,1
154,"Business Analyst for Payments, Boston, MA",1
158,"Business Analyst, Enrollment & Eligibility (Healthcare)",1
159,"Business Analyst, Enterprise",1
161,"Business Analyst, Industrial Products",1
166,"Business Analyst, Operations",1
186,Business Analysts,1
167,"Business Analyst, Project Manager",1
168,"Business Analyst, Real Estate",1
170,"Business Analyst, Senior",1
176,Business Analyst- SAP CRM,1
177,Business Analyst- Supply Chain,1
178,Business Analyst-CSV,1
179,Business Analyst-Digital,1
180,Business Analyst-MyTime/Kronos,1
182,Business Analyst/Product Owner,1
184,Business Analyst/Project Manager - Human Resources,1
392,"Data Engineer (NLP Specialist), Global Data",1
394,Data Engineer - Analytics Team,1
395,Data Engineer - Business Intelligence - Marcus by Goldman Sachs - Consumer Technology,1
665,Healthcare Data Science Consultant,1
634,Functional Business Analyst,1
637,"GIR, Data Strategy",1
638,GIS Analyst,1
639,GIS Process Analyst,1
640,Game Data Scientist,1
641,Gamesa - Sales Analyst,1
642,General Engineer,1
643,Genetic Lab Research Assistant,1
644,Geologist or Environmental Scientist - Entry to Mid Level,1
645,Global Data Scientist,1
646,Global IT Business Analyst,1
648,Global Services Analyst (Development Program),1
649,Global Threat Data Analyst,1
650,Google Certified Data Engineer,1
651,Growth Business Intelligence Analyst,1
653,HRIT Business Application Analyst,1
654,Hadoop Big Data Engineer,1
35,Analytical Scientist,1
656,Health Care Research Analyst,1
657,Health Data Analyst,1
658,Health Data Analyst II,1
660,Healthcare Business Analyst,1
34,"Analyst, Product & Consumer Insights",1
633,"Functional Analyst, Business Analyst",1
631,Frontend Engineer,1
630,Front End Engineer,1
55,Associate Analyst (full-time 0-2 yrs exp.),1
600,Entry- Level/Jr. Business Analyst,1
601,Entry-Level Customer Support Specialist,1
602,Entry-Level Financial Analyst - Commissions,1
603,Entry-Level Microelectronics Assembler,1
604,Entry-Level/Jr. Business Analyst/QA,1
605,Entry-level Software Engineer,1
606,"Experimentation Analyst, Insights",1
608,Extra Help Clinical Practice Data Analyst Specialist,1
609,FAIR FARES INTEGRITY DATA ANALYST,1
610,FGP Sec I-Intake/Sched-IVF,1
613,"Field Data Scientist, BioInnovation",1
629,Free People Wholesale Junior Business Analyst,1
615,Finance & Risk-Data Engineer Consultant MW,1
616,Finance Analyst,1
617,Finance Business Process Analyst,1
618,Finance Data Analyst,1
620,Financial Analyst - SQL,1
621,"Financial Business Analyst, Clinical Operations & Business Analytics (COBA)",1
625,Forensic Data Analyst,1
626,Fraud Analyst,1
627,Fraud Data Scientist,1
628,Fraud Senior Data Scientist,1
664,"Healthcare Data Analyst II, Program Analytics",1
667,Healthcare Encounter Data Analyst,1
598,Entry Level Engineer,1
669,Heat Transfer Process Engineer,1
705,Jr Data Scientist,1
706,Jr QA Analyst-Automation Tester,1
707,"Jr. Analyst, Shared Services Department",1
709,Jr. Business Analyst,1
711,Jr. Data Engineer,1
713,"Jr. Data Engineer-Sales, Planning & Analytics",1
715,Jr. Healthcare Data Analyst,1
32,"Analyst, Marketing Insights - Boston",1
718,Junior Analyst,1
719,"Junior Analyst, Business Insights",1
721,Junior Business Intelligence (BI) Analyst,1
723,"Junior Curriculum Writer, Data Science",1
727,"Junior Data Scientist (Visualization, Metrics, & Automation)",1
729,Junior Data scientist -- Citizen & Green Card only,1
730,Junior Database Engineer,1
731,Junior Healthcare Data Analyst,1
31,"Analyst, Entry Level",1
734,Junior Infrastructure System Engineer,1
735,Junior Mechanical Engineer (Fluent Chinese),1
736,Junior Operations Engineer,1
737,Junior Planning and Reporting Analyst,1
738,Junior Quantitative Researcher - Machine Learning,1
741,"Junior Research Engineer, Machine Learning",1
704,JR. Engineer,1
703,JJI FELLOW,1
702,JDE Business Analyst,1
686,Industrial Engineer Intern,1
670,Helpdesk Technician,1
672,ICP 1 - Data Analyst,1
674,IT Business Analyst Co-Op (Fall 2109 or Spring 2020),1
675,IT Business Intmd Analyst,1
676,"IT Business Operations, Analyst- Batch",1
678,IT Business Solutions Analyst-Level 3 or 4,1
680,"IT Director, Analytics and Business Intelligence",1
683,IT Senior Business Analyst,1
684,IT Systems Engineer,1
685,"IT, Business Analyst",1
687,Industry X.0 - Data Historian Senior Analyst,1
699,"Intern, Product Team",1
688,Infrastructure Engineer,1
689,Insights Analyst,1
691,Insurance Data Scientist,1
692,Integrated Business Planning Analyst,1
693,Integrations Business Analyst,1
694,Intermediate Data Engineer,1
695,Intern,1
696,"Intern, Data Engineer",1
697,"Intern, Data Visualization (Tableau)",1
698,"Intern, Digital Innovation",1
599,Entry Level Financial Analyst,1
596,Entry Level Data Analyst,1
396,Data Engineer - Contributed Research,1
490,Data Scientist Manager - Advanced Analytics (HIA),1
40,Application Support/Business Analyst - Fund Accounting Systems,1
451,Data Scientist (1801),1
452,"Data Scientist (Analytics Engineering), Creator Marketplace",1
454,Data Scientist (Multiple Levels) - NYC,1
458,Data Scientist - Algorithms,1
459,Data Scientist - Analyst,1
461,Data Scientist - Capital Markets,1
464,Data Scientist - Ingenuity,1
465,Data Scientist - Journey Analytics,1
466,Data Scientist - Life Sciences,1
467,Data Scientist - Machine Vision,1
470,Data Scientist - Natural Language Processing,1
471,Data Scientist - Org Analytics,1
472,Data Scientist - Performance Profiling,1
473,Data Scientist - Search and Explore,1
474,Data Scientist - Senior Consultant,1
476,"Data Scientist - Travel, Transport and Logistics",1
478,Data Scientist - VIE Contract (W/M),1
479,Data Scientist -Healthcare,1
480,Data Scientist / Quantitative Analyst,1
483,Data Scientist 2,1
484,Data Scientist Artificial Intelligence Consultant New York,1
488,Data Scientist Intern,1
449,Data Science Quality Engineer,1
448,Data Science Intern - Payformance Solutions,1
446,Data Science Associate,1
421,Data Governance Analyst,1
399,Data Engineer - Solutions,1
400,Data Engineer - Summer Intern - University Students,1
407,"Data Engineer, Analytics",1
408,"Data Engineer, Data Warehouse",1
409,"Data Engineer, Engineering Support Analytics, Google Cloud",1
414,"Data Engineer, Telecom",1
415,"Data Engineer, Zoro",1
417,Data Engineering Lead,1
418,"Data Engineering Manager, Analytics (Instagram)",1
419,Data Entry Analyst NYPWG01O,1
423,Data Governance Co-ops,1
445,Data Science - Predictive Analytics,1
424,Data Insights Analyst,1
425,Data Integration Analyst,1
426,Data Integrity Program Engineer,1
427,Data Intelligence Analyst,1
431,Data Migration Analyst,1
435,"Data Platform Business Analyst, Front to Back Integration, Assistant Vice President",1
437,"Data Platform, Team Lead",1
440,Data Quality Analyst Internship - start ASAP - grads preferred,1
442,Data Reliability Engineer,1
443,Data Research Assistant Intern,1
489,Data Scientist Lombard Illinois,1
492,Data Scientist Summer Intern,1
595,Entry Level Business Analyst - IT Solutions,1
493,Data Scientist Technical Lead,1
557,Digital & Quantitative Medicine/R&D IT Business Analyst,1
559,Digital Business Analyst/Product Manager,1
561,Digital Engineer,1
562,Digital Payments Test Data Engineer,1
563,Digital Products Business Analyst,1
565,Direct Marketing Analyst,1
566,Director - Big Data Architecture and Engineering,1
572,Distribution Attendant,1
573,EMR Technical Data Conversion Analyst,1
574,ENTERPRISE DATA WAREHOUSE ENGINEER,1
37,Analytics Engineering Manager,1
579,Eicoff - Data Scientist,1
581,Employer Data Audit Analyst,1
582,Engineer - Associate,1
584,Engineer Analytics and Optimization,1
586,Engineering Intern,1
587,Engineering Lead - Analytics Platform,1
588,Engineering Leadership,1
589,"Engineers – Electronic Equipment Manufacturing (Nanjing, China)",1
590,"Enterprise Data Architect, Data Governance",1
592,Entry Level Analyst,1
593,Entry Level Business / Data Analyst,1
594,Entry Level Business Analyst,1
554,Decision Scientist,1
553,Database Solutions Engineer,1
551,"Database Analyst, Boston Bruins and TD Garden, Full Time",1
519,"Data Scientist, Social Science",1
497,Data Scientist – Infrastructure Engineering Insights,1
500,"Data Scientist, Advanced Analytics",1
502,"Data Scientist, Advanced Marketing Analytics",1
506,"Data Scientist, Global Premium Services",1
508,"Data Scientist, Growth",1
509,"Data Scientist, Infrastructure",1
513,"Data Scientist, Marketing Analytics (Premium)",1
514,"Data Scientist, NLU Analytics",1
515,"Data Scientist, Predictive Modeling Lead",1
518,"Data Scientist, Risk",1
523,Data Scientist- Lending,1
547,Data and Reporting Analyst II - Global Reporting & Analytics,1
524,Data Scientist- Portfolio Management & Provisioning,1
525,Data Scientist- Strategy,1
527,Data Scientist/Economist,1
530,Data Scientists,1
531,Data Services Engineer,1
532,Data Strategy Analyst,1
538,Data Validation Engineer,1
539,Data Visualization Consultant,1
543,Data Warehouse Development Analyst,1
545,Data Warehouse Specialist / Business Intelligence Analyst,1
612,FINANCIAL ANALYST - US Plan & Projection,1
